<?xml version="1.0" encoding="UTF-8" ?>
<!DOCTYPE configuration
 PUBLIC "-//mybatis.org//DTD Config 3.0//EN"
 "http://mybatis.org/dtd/mybatis-3-config.dtd">
<configuration>
	<properties resource="dbconfig.properties">
	</properties>
	<settings>
		<setting name="cacheEnabled" value="true" />
	</settings>
	<plugins>
		<!-- com.github.pagehelper为PageHelper类所在包名 -->
		<plugin interceptor="com.github.pagehelper.PageHelper">
			<!-- 设置数据库类型 Oracle,Mysql,MariaDB,SQLite,Hsqldb,PostgreSQL六种数据库 -->
			<property name="dialect" value="mysql" />
		</plugin>
	</plugins>
	<environments default="development">
		<environment id="development">
			<transactionManager type="JDBC" />
			<!-- mybatis默认数据源,也可以配置c3p0/dbcp -->
			<dataSource type="POOLED">
				<property name="driver" value="${jdbc.driver}" />
				<property name="url" value="${jdbc.url}" />
				<property name="username" value="${jdbc.username}" />
				<property name="password" value="${jdbc.password}" />
			</dataSource>
		</environment>
	</environments>
	<!-- 将我们写好的sql映射文件（EmployeeMapper.xml）一定要注册到全局配置文件（mybatis-config.xml）中 -->
	<mappers>
		<!-- 批量注册,mapper接口和xml要重名并放在同一包中 -->
		<package name="org.softcits.mbg.mapper" />
		<!-- <mapper resource="UserMapper.xml" /> -->
	</mappers>
</configuration>